AccionId,tipo,origen
16073,S,revision manual ago-sep 2026
16074,C,revision manual ago-sep 2026
16075,C,revision manual ago-sep 2026
16076,S,revision manual ago-sep 2026
16035,R,revision manual ago-sep 2026
16036,R,revision manual ago-sep 2026
16037,S,revision manual ago-sep 2026
16038,R,revision manual ago-sep 2026
16012,R,revision manual ago-sep 2026
16034,R,revision manual ago-sep 2026
16062,S,revision manual ago-sep 2026
16064,S,revision manual ago-sep 2026
15992,R,revision manual ago-sep 2026
15993,C,revision manual ago-sep 2026
15994,R,revision manual ago-sep 2026
15995,R,revision manual ago-sep 2026
15996,R,revision manual ago-sep 2026
15997,R,revision manual ago-sep 2026
15998,R,revision manual ago-sep 2026
15985,C,revision manual ago-sep 2026
15986,R,revision manual ago-sep 2026
15987,S,revision manual ago-sep 2026
15988,R,revision manual ago-sep 2026
15989,C,revision manual ago-sep 2026
16011,R,revision manual ago-sep 2026
14962,S,revision manual ago-sep 2026
14963,C,revision manual ago-sep 2026
14964,S,revision manual ago-sep 2026
14965,S,revision manual ago-sep 2026
14945,C,revision manual ago-sep 2026
14946,R,revision manual ago-sep 2026
14947,R,revision manual ago-sep 2026
14948,R,revision manual ago-sep 2026
14929,C,revision manual ago-sep 2026
14930,C,revision manual ago-sep 2026
14931,C,revision manual ago-sep 2026
14913,R,revision manual ago-sep 2026
14914,C,revision manual ago-sep 2026
14915,S,revision manual ago-sep 2026
14916,S,revision manual ago-sep 2026
14917,C,revision manual ago-sep 2026
14885,R,revision manual ago-sep 2026
14877,C,revision manual ago-sep 2026
14878,R,revision manual ago-sep 2026
14879,R,revision manual ago-sep 2026
14865,R,revision manual ago-sep 2026
14866,R,revision manual ago-sep 2026
14867,R,revision manual ago-sep 2026
14868,S,revision manual ago-sep 2026
14846,R,revision manual ago-sep 2026
14847,R,revision manual ago-sep 2026
14848,R,revision manual ago-sep 2026
14849,R,revision manual ago-sep 2026
14822,C,revision manual ago-sep 2026
14823,C,revision manual ago-sep 2026
14824,C,revision manual ago-sep 2026
16065,R,revision manual ago-sep 2026
16066,S,revision manual ago-sep 2026
16088,C,revision manual ago-sep 2026
12800,S,revision manual ago-sep 2026
12801,C,revision manual ago-sep 2026
12795,C,revision manual ago-sep 2026
12796,C,revision manual ago-sep 2026
12797,S,revision manual ago-sep 2026
12780,R,revision manual ago-sep 2026
12781,R,revision manual ago-sep 2026
12782,C,revision manual ago-sep 2026
12747,C,revision manual ago-sep 2026
12748,C,revision manual ago-sep 2026
12749,R,revision manual ago-sep 2026
11719,C,revision manual ago-sep 2026
11720,C,revision manual ago-sep 2026
11721,R,revision manual ago-sep 2026
11730,R,revision manual ago-sep 2026
11706,C,revision manual ago-sep 2026
11707,C,revision manual ago-sep 2026
11708,R,revision manual ago-sep 2026
11700,R,revision manual ago-sep 2026
11701,R,revision manual ago-sep 2026
14825,S,revision manual ago-sep 2026
14826,S,revision manual ago-sep 2026
14827,S,revision manual ago-sep 2026
14828,S,revision manual ago-sep 2026
11698,R,revision manual ago-sep 2026
11699,C,revision manual ago-sep 2026
11683,C,revision manual ago-sep 2026
11684,R,revision manual ago-sep 2026
11664,R,revision manual ago-sep 2026
11665,R,revision manual ago-sep 2026
11666,R,revision manual ago-sep 2026
11667,R,revision manual ago-sep 2026
11668,C,revision manual ago-sep 2026
11689,S,revision manual ago-sep 2026
11690,R,revision manual ago-sep 2026
11691,R,revision manual ago-sep 2026
11656,S,revision manual ago-sep 2026
11631,C,revision manual ago-sep 2026
11633,S,revision manual ago-sep 2026
11634,C,revision manual ago-sep 2026
11635,S,revision manual ago-sep 2026
11627,S,revision manual ago-sep 2026
11628,C,revision manual ago-sep 2026
11629,S,revision manual ago-sep 2026
11597,R,revision manual ago-sep 2026
11598,R,revision manual ago-sep 2026
11599,S,revision manual ago-sep 2026
11600,S,revision manual ago-sep 2026
11601,S,revision manual ago-sep 2026
11602,S,revision manual ago-sep 2026
11722,R,revision manual ago-sep 2026
12802,C,revision manual ago-sep 2026
14795,R,revision manual ago-sep 2026
11539,S,revision manual ago-sep 2026
11540,R,revision manual ago-sep 2026
11541,S,revision manual ago-sep 2026
11538,C,revision manual ago-sep 2026
11442,C,revision manual ago-sep 2026
11443,C,revision manual ago-sep 2026
10258,C,revision manual ago-sep 2026
10259,C,revision manual ago-sep 2026
