nombre,correo,fuente
Operador Efluentes,oper.efluentes.ce05@arauco.com,Correos genéricos PCNA (BBDD operaciones NA)
Operador Planta de Agua,CE05.Op.Planta.Agua@arauco.com,Correos genéricos PCNA (BBDD operaciones NA)
Operador Caustificación y Horno de Cal,ce05.op.horno.caust@arauco.com,Correos genéricos PCNA (BBDD operaciones NA)
Operador Caldera Recuperadora,ce05.op.caldera.rec@arauco.com,Correos genéricos PCNA (BBDD operaciones NA)
Operador Turbogeneradores,ce05.ope.turbo@arauco.com,Correos genéricos PCNA (BBDD operaciones NA)
Operador Evaporadores,ce05.op.evap@arauco.com,Correos genéricos PCNA (BBDD operaciones NA)
Despachador de Carga,ce05.desp.carga.f2@arauco.com,Correos genéricos PCNA (BBDD operaciones NA)
Operador Astillado,ce05.ope.astillado@arauco.com,Correos genéricos PCNA (BBDD operaciones NA)
Volante Área Química,ce05.vol.areaquimica@arauco.com,Correos genéricos PCNA (BBDD operaciones NA)
