fecha,turno,codigo
2026-04-01,A,DC
2026-04-02,A,DC
2026-04-03,A,D
2026-04-04,A,D
2026-04-05,A,D
2026-04-06,A,D
2026-04-07,A,DC
2026-04-08,A,DC
2026-04-09,A,DC
2026-04-10,A,DC
2026-04-11,A,N
2026-04-12,A,N
2026-04-13,A,N
2026-04-14,A,N
2026-04-15,A,DC
2026-04-16,A,DC
2026-04-17,A,DC
2026-04-18,A,DC
2026-04-19,A,D
2026-04-20,A,D
2026-04-21,A,D
2026-04-22,A,D
2026-04-23,A,DC
2026-04-24,A,DC
2026-04-25,A,DC
2026-04-26,A,DC
2026-04-27,A,N
2026-04-28,A,N
2026-04-29,A,N
2026-04-30,A,N
2026-04-01,B,DC
2026-04-02,B,DC
2026-04-03,B,AD
2026-04-04,B,DC
2026-04-05,B,DC
2026-04-06,B,AD
2026-04-07,B,AD
2026-04-08,B,AD
2026-04-09,B,AD
2026-04-10,B,AD
2026-04-11,B,DC
2026-04-12,B,DC
2026-04-13,B,AD
2026-04-14,B,AD
2026-04-15,B,AD
2026-04-16,B,AD
2026-04-17,B,AD
2026-04-18,B,DC
2026-04-19,B,DC
2026-04-20,B,AD
2026-04-21,B,AD
2026-04-22,B,AD
2026-04-23,B,AD
2026-04-24,B,AD
2026-04-25,B,DC
2026-04-26,B,DC
2026-04-27,B,D
2026-04-28,B,D
2026-04-29,B,D
2026-04-30,B,D
2026-04-01,C,D
2026-04-02,C,D
2026-04-03,C,DC
2026-04-04,C,DC
2026-04-05,C,DC
2026-04-06,C,DC
2026-04-07,C,N
2026-04-08,C,N
2026-04-09,C,N
2026-04-10,C,N
2026-04-11,C,DC
2026-04-12,C,DC
2026-04-13,C,DC
2026-04-14,C,DC
2026-04-15,C,D
2026-04-16,C,D
2026-04-17,C,D
2026-04-18,C,D
2026-04-19,C,DC
2026-04-20,C,DC
2026-04-21,C,DC
2026-04-22,C,DC
2026-04-23,C,N
2026-04-24,C,N
2026-04-25,C,N
2026-04-26,C,N
2026-04-27,C,DC
2026-04-28,C,DC
2026-04-29,C,DC
2026-04-30,C,DC
2026-04-01,D,DC
2026-04-02,D,DC
2026-04-03,D,N
2026-04-04,D,N
2026-04-05,D,N
2026-04-06,D,N
2026-04-07,D,DC
2026-04-08,D,DC
2026-04-09,D,DC
2026-04-10,D,DC
2026-04-11,D,D
2026-04-12,D,D
2026-04-13,D,D
2026-04-14,D,D
2026-04-15,D,DC
2026-04-16,D,DC
2026-04-17,D,DC
2026-04-18,D,DC
2026-04-19,D,N
2026-04-20,D,N
2026-04-21,D,N
2026-04-22,D,N
2026-04-23,D,DC
2026-04-24,D,DC
2026-04-25,D,DC
2026-04-26,D,DC
2026-04-27,D,DC
2026-04-28,D,AD
2026-04-29,D,AD
2026-04-30,D,AD
2026-04-01,E,N
2026-04-02,E,N
2026-04-03,E,DC
2026-04-04,E,DC
2026-04-05,E,DC
2026-04-06,E,DC
2026-04-07,E,D
2026-04-08,E,D
2026-04-09,E,D
2026-04-10,E,D
2026-04-11,E,DC
2026-04-12,E,DC
2026-04-13,E,DC
2026-04-14,E,DC
2026-04-15,E,N
2026-04-16,E,N
2026-04-17,E,N
2026-04-18,E,N
2026-04-19,E,DC
2026-04-20,E,DC
2026-04-21,E,DC
2026-04-22,E,DC
2026-04-23,E,D
2026-04-24,E,D
2026-04-25,E,D
2026-04-26,E,D
2026-04-27,E,DC
2026-04-28,E,DC
2026-04-29,E,DC
2026-04-30,E,DC
2026-05-01,A,DC
2026-05-02,A,DC
2026-05-03,A,DC
2026-05-04,A,DC
2026-05-05,A,D
2026-05-06,A,D
2026-05-07,A,D
2026-05-08,A,D
2026-05-09,A,DC
2026-05-10,A,DC
2026-05-11,A,DC
2026-05-12,A,DC
2026-05-13,A,N
2026-05-14,A,N
2026-05-15,A,N
2026-05-16,A,N
2026-05-17,A,DC
2026-05-18,A,DC
2026-05-19,A,DC
2026-05-20,A,DC
2026-05-21,A,D
2026-05-22,A,D
2026-05-23,A,D
2026-05-24,A,D
2026-05-25,A,DC
2026-05-26,A,DC
2026-05-27,A,DC
2026-05-28,A,DC
2026-05-29,A,N
2026-05-30,A,N
2026-05-31,A,N
2026-05-01,B,DC
2026-05-02,B,DC
2026-05-03,B,DC
2026-05-04,B,DC
2026-05-05,B,N
2026-05-06,B,N
2026-05-07,B,N
2026-05-08,B,N
2026-05-09,B,DC
2026-05-10,B,DC
2026-05-11,B,DC
2026-05-12,B,DC
2026-05-13,B,D
2026-05-14,B,D
2026-05-15,B,D
2026-05-16,B,D
2026-05-17,B,DC
2026-05-18,B,DC
2026-05-19,B,DC
2026-05-20,B,DC
2026-05-21,B,N
2026-05-22,B,N
2026-05-23,B,N
2026-05-24,B,N
2026-05-25,B,DC
2026-05-26,B,DC
2026-05-27,B,DC
2026-05-28,B,DC
2026-05-29,B,D
2026-05-30,B,D
2026-05-31,B,D
2026-05-01,C,D
2026-05-02,C,D
2026-05-03,C,D
2026-05-04,C,D
2026-05-05,C,DC
2026-05-06,C,DC
2026-05-07,C,DC
2026-05-08,C,DC
2026-05-09,C,N
2026-05-10,C,N
2026-05-11,C,N
2026-05-12,C,N
2026-05-13,C,DC
2026-05-14,C,DC
2026-05-15,C,DC
2026-05-16,C,DC
2026-05-17,C,D
2026-05-18,C,D
2026-05-19,C,D
2026-05-20,C,D
2026-05-21,C,DC
2026-05-22,C,DC
2026-05-23,C,DC
2026-05-24,C,DC
2026-05-25,C,N
2026-05-26,C,N
2026-05-27,C,N
2026-05-28,C,N
2026-05-29,C,DC
2026-05-30,C,DC
2026-05-31,C,DC
2026-05-01,D,AD
2026-05-02,D,DC
2026-05-03,D,DC
2026-05-04,D,AD
2026-05-05,D,AD
2026-05-06,D,AD
2026-05-07,D,AD
2026-05-08,D,AD
2026-05-09,D,DC
2026-05-10,D,DC
2026-05-11,D,AD
2026-05-12,D,AD
2026-05-13,D,AD
2026-05-14,D,AD
2026-05-15,D,AD
2026-05-16,D,DC
2026-05-17,D,DC
2026-05-18,D,AD
2026-05-19,D,AD
2026-05-20,D,AD
2026-05-21,D,AD
2026-05-22,D,AD
2026-05-23,D,DC
2026-05-24,D,DC
2026-05-25,D,D
2026-05-26,D,D
2026-05-27,D,D
2026-05-28,D,D
2026-05-29,D,DC
2026-05-30,D,DC
2026-05-31,D,DC
2026-05-01,E,N
2026-05-02,E,N
2026-05-03,E,N
2026-05-04,E,N
2026-05-05,E,DC
2026-05-06,E,DC
2026-05-07,E,DC
2026-05-08,E,DC
2026-05-09,E,D
2026-05-10,E,D
2026-05-11,E,D
2026-05-12,E,D
2026-05-13,E,DC
2026-05-14,E,DC
2026-05-15,E,DC
2026-05-16,E,DC
2026-05-17,E,N
2026-05-18,E,N
2026-05-19,E,N
2026-05-20,E,N
2026-05-21,E,DC
2026-05-22,E,DC
2026-05-23,E,DC
2026-05-24,E,DC
2026-05-25,E,DC
2026-05-26,E,AD
2026-05-27,E,AD
2026-05-28,E,AD
2026-05-29,E,AD
2026-05-30,E,DC
2026-05-31,E,DC
2026-06-01,A,N
2026-06-02,A,DC
2026-06-03,A,DC
2026-06-04,A,DC
2026-06-05,A,DC
2026-06-06,A,D
2026-06-07,A,D
2026-06-08,A,D
2026-06-09,A,D
2026-06-10,A,DC
2026-06-11,A,DC
2026-06-12,A,DC
2026-06-13,A,DC
2026-06-14,A,N
2026-06-15,A,N
2026-06-16,A,N
2026-06-17,A,N
2026-06-18,A,DC
2026-06-19,A,DC
2026-06-20,A,DC
2026-06-21,A,DC
2026-06-22,A,DC
2026-06-23,A,AD
2026-06-24,A,AD
2026-06-25,A,AD
2026-06-26,A,AD
2026-06-27,A,DC
2026-06-28,A,DC
2026-06-29,A,AD
2026-06-30,A,AD
2026-06-01,B,D
2026-06-02,B,DC
2026-06-03,B,DC
2026-06-04,B,DC
2026-06-05,B,DC
2026-06-06,B,N
2026-06-07,B,N
2026-06-08,B,N
2026-06-09,B,N
2026-06-10,B,DC
2026-06-11,B,DC
2026-06-12,B,DC
2026-06-13,B,DC
2026-06-14,B,D
2026-06-15,B,D
2026-06-16,B,D
2026-06-17,B,D
2026-06-18,B,DC
2026-06-19,B,DC
2026-06-20,B,DC
2026-06-21,B,DC
2026-06-22,B,N
2026-06-23,B,N
2026-06-24,B,N
2026-06-25,B,N
2026-06-26,B,DC
2026-06-27,B,DC
2026-06-28,B,DC
2026-06-29,B,DC
2026-06-30,B,D
2026-06-01,C,DC
2026-06-02,C,D
2026-06-03,C,D
2026-06-04,C,D
2026-06-05,C,D
2026-06-06,C,DC
2026-06-07,C,DC
2026-06-08,C,DC
2026-06-09,C,DC
2026-06-10,C,N
2026-06-11,C,N
2026-06-12,C,N
2026-06-13,C,N
2026-06-14,C,DC
2026-06-15,C,DC
2026-06-16,C,DC
2026-06-17,C,DC
2026-06-18,C,D
2026-06-19,C,D
2026-06-20,C,D
2026-06-21,C,D
2026-06-22,C,DC
2026-06-23,C,DC
2026-06-24,C,DC
2026-06-25,C,DC
2026-06-26,C,N
2026-06-27,C,N
2026-06-28,C,N
2026-06-29,C,N
2026-06-30,C,DC
2026-06-01,D,DC
2026-06-02,D,N
2026-06-03,D,N
2026-06-04,D,N
2026-06-05,D,N
2026-06-06,D,DC
2026-06-07,D,DC
2026-06-08,D,DC
2026-06-09,D,DC
2026-06-10,D,D
2026-06-11,D,D
2026-06-12,D,D
2026-06-13,D,D
2026-06-14,D,DC
2026-06-15,D,DC
2026-06-16,D,DC
2026-06-17,D,DC
2026-06-18,D,N
2026-06-19,D,N
2026-06-20,D,N
2026-06-21,D,N
2026-06-22,D,DC
2026-06-23,D,DC
2026-06-24,D,DC
2026-06-25,D,DC
2026-06-26,D,D
2026-06-27,D,D
2026-06-28,D,D
2026-06-29,D,D
2026-06-30,D,DC
2026-06-01,E,AD
2026-06-02,E,AD
2026-06-03,E,AD
2026-06-04,E,AD
2026-06-05,E,AD
2026-06-06,E,DC
2026-06-07,E,DC
2026-06-08,E,AD
2026-06-09,E,AD
2026-06-10,E,AD
2026-06-11,E,AD
2026-06-12,E,AD
2026-06-13,E,DC
2026-06-14,E,DC
2026-06-15,E,AD
2026-06-16,E,AD
2026-06-17,E,AD
2026-06-18,E,AD
2026-06-19,E,AD
2026-06-20,E,DC
2026-06-21,E,DC
2026-06-22,E,D
2026-06-23,E,D
2026-06-24,E,D
2026-06-25,E,D
2026-06-26,E,DC
2026-06-27,E,DC
2026-06-28,E,DC
2026-06-29,E,DC
2026-06-30,E,N
2026-07-01,A,AD
2026-07-02,A,AD
2026-07-03,A,AD
2026-07-04,A,DC
2026-07-05,A,DC
2026-07-06,A,AD
2026-07-07,A,AD
2026-07-08,A,AD
2026-07-09,A,AD
2026-07-10,A,AD
2026-07-11,A,DC
2026-07-12,A,DC
2026-07-13,A,AD
2026-07-14,A,AD
2026-07-15,A,AD
2026-07-16,A,AD
2026-07-17,A,AD
2026-07-18,A,DC
2026-07-19,A,DC
2026-07-20,A,D
2026-07-21,A,D
2026-07-22,A,D
2026-07-23,A,D
2026-07-24,A,DC
2026-07-25,A,DC
2026-07-26,A,DC
2026-07-27,A,DC
2026-07-28,A,N
2026-07-29,A,N
2026-07-30,A,N
2026-07-31,A,N
2026-07-01,B,D
2026-07-02,B,D
2026-07-03,B,D
2026-07-04,B,DC
2026-07-05,B,DC
2026-07-06,B,DC
2026-07-07,B,DC
2026-07-08,B,N
2026-07-09,B,N
2026-07-10,B,N
2026-07-11,B,N
2026-07-12,B,DC
2026-07-13,B,DC
2026-07-14,B,DC
2026-07-15,B,DC
2026-07-16,B,D
2026-07-17,B,D
2026-07-18,B,D
2026-07-19,B,D
2026-07-20,B,DC
2026-07-21,B,DC
2026-07-22,B,DC
2026-07-23,B,DC
2026-07-24,B,N
2026-07-25,B,N
2026-07-26,B,N
2026-07-27,B,N
2026-07-28,B,DC
2026-07-29,B,DC
2026-07-30,B,DC
2026-07-31,B,DC
2026-07-01,C,DC
2026-07-02,C,DC
2026-07-03,C,DC
2026-07-04,C,D
2026-07-05,C,D
2026-07-06,C,D
2026-07-07,C,D
2026-07-08,C,DC
2026-07-09,C,DC
2026-07-10,C,DC
2026-07-11,C,DC
2026-07-12,C,N
2026-07-13,C,N
2026-07-14,C,N
2026-07-15,C,N
2026-07-16,C,DC
2026-07-17,C,DC
2026-07-18,C,DC
2026-07-19,C,DC
2026-07-20,C,DC
2026-07-21,C,AD
2026-07-22,C,AD
2026-07-23,C,AD
2026-07-24,C,AD
2026-07-25,C,DC
2026-07-26,C,DC
2026-07-27,C,AD
2026-07-28,C,AD
2026-07-29,C,AD
2026-07-30,C,AD
2026-07-31,C,AD
2026-07-01,D,DC
2026-07-02,D,DC
2026-07-03,D,DC
2026-07-04,D,N
2026-07-05,D,N
2026-07-06,D,N
2026-07-07,D,N
2026-07-08,D,DC
2026-07-09,D,DC
2026-07-10,D,DC
2026-07-11,D,DC
2026-07-12,D,D
2026-07-13,D,D
2026-07-14,D,D
2026-07-15,D,D
2026-07-16,D,DC
2026-07-17,D,DC
2026-07-18,D,DC
2026-07-19,D,DC
2026-07-20,D,N
2026-07-21,D,N
2026-07-22,D,N
2026-07-23,D,N
2026-07-24,D,DC
2026-07-25,D,DC
2026-07-26,D,DC
2026-07-27,D,DC
2026-07-28,D,D
2026-07-29,D,D
2026-07-30,D,D
2026-07-31,D,D
2026-07-01,E,N
2026-07-02,E,N
2026-07-03,E,N
2026-07-04,E,DC
2026-07-05,E,DC
2026-07-06,E,DC
2026-07-07,E,DC
2026-07-08,E,D
2026-07-09,E,D
2026-07-10,E,D
2026-07-11,E,D
2026-07-12,E,DC
2026-07-13,E,DC
2026-07-14,E,DC
2026-07-15,E,DC
2026-07-16,E,N
2026-07-17,E,N
2026-07-18,E,N
2026-07-19,E,N
2026-07-20,E,DC
2026-07-21,E,DC
2026-07-22,E,DC
2026-07-23,E,DC
2026-07-24,E,D
2026-07-25,E,D
2026-07-26,E,D
2026-07-27,E,D
2026-07-28,E,DC
2026-07-29,E,DC
2026-07-30,E,DC
2026-07-31,E,DC
2026-08-01,A,DC
2026-08-02,A,DC
2026-08-03,A,DC
2026-08-04,A,DC
2026-08-05,A,D
2026-08-06,A,D
2026-08-07,A,D
2026-08-08,A,D
2026-08-09,A,DC
2026-08-10,A,DC
2026-08-11,A,DC
2026-08-12,A,DC
2026-08-13,A,N
2026-08-14,A,N
2026-08-15,A,N
2026-08-16,A,N
2026-08-17,A,DC
2026-08-18,A,DC
2026-08-19,A,DC
2026-08-20,A,DC
2026-08-21,A,D
2026-08-22,A,D
2026-08-23,A,D
2026-08-24,A,D
2026-08-25,A,DC
2026-08-26,A,DC
2026-08-27,A,DC
2026-08-28,A,DC
2026-08-29,A,N
2026-08-30,A,N
2026-08-31,A,N
2026-08-01,B,D
2026-08-02,B,D
2026-08-03,B,D
2026-08-04,B,D
2026-08-05,B,DC
2026-08-06,B,DC
2026-08-07,B,DC
2026-08-08,B,DC
2026-08-09,B,N
2026-08-10,B,N
2026-08-11,B,N
2026-08-12,B,N
2026-08-13,B,DC
2026-08-14,B,DC
2026-08-15,B,DC
2026-08-16,B,DC
2026-08-17,B,DC
2026-08-18,B,AD
2026-08-19,B,AD
2026-08-20,B,AD
2026-08-21,B,AD
2026-08-22,B,DC
2026-08-23,B,DC
2026-08-24,B,AD
2026-08-25,B,AD
2026-08-26,B,AD
2026-08-27,B,AD
2026-08-28,B,AD
2026-08-29,B,DC
2026-08-30,B,DC
2026-08-31,B,AD
2026-08-01,C,DC
2026-08-02,C,DC
2026-08-03,C,AD
2026-08-04,C,AD
2026-08-05,C,AD
2026-08-06,C,AD
2026-08-07,C,AD
2026-08-08,C,DC
2026-08-09,C,DC
2026-08-10,C,AD
2026-08-11,C,AD
2026-08-12,C,AD
2026-08-13,C,AD
2026-08-14,C,AD
2026-08-15,C,DC
2026-08-16,C,DC
2026-08-17,C,D
2026-08-18,C,D
2026-08-19,C,D
2026-08-20,C,D
2026-08-21,C,DC
2026-08-22,C,DC
2026-08-23,C,DC
2026-08-24,C,DC
2026-08-25,C,N
2026-08-26,C,N
2026-08-27,C,N
2026-08-28,C,N
2026-08-29,C,DC
2026-08-30,C,DC
2026-08-31,C,DC
2026-08-01,D,DC
2026-08-02,D,DC
2026-08-03,D,DC
2026-08-04,D,DC
2026-08-05,D,N
2026-08-06,D,N
2026-08-07,D,N
2026-08-08,D,N
2026-08-09,D,DC
2026-08-10,D,DC
2026-08-11,D,DC
2026-08-12,D,DC
2026-08-13,D,D
2026-08-14,D,D
2026-08-15,D,D
2026-08-16,D,D
2026-08-17,D,DC
2026-08-18,D,DC
2026-08-19,D,DC
2026-08-20,D,DC
2026-08-21,D,N
2026-08-22,D,N
2026-08-23,D,N
2026-08-24,D,N
2026-08-25,D,DC
2026-08-26,D,DC
2026-08-27,D,DC
2026-08-28,D,DC
2026-08-29,D,D
2026-08-30,D,D
2026-08-31,D,D
2026-08-01,E,N
2026-08-02,E,N
2026-08-03,E,N
2026-08-04,E,N
2026-08-05,E,DC
2026-08-06,E,DC
2026-08-07,E,DC
2026-08-08,E,DC
2026-08-09,E,D
2026-08-10,E,D
2026-08-11,E,D
2026-08-12,E,D
2026-08-13,E,DC
2026-08-14,E,DC
2026-08-15,E,DC
2026-08-16,E,DC
2026-08-17,E,N
2026-08-18,E,N
2026-08-19,E,N
2026-08-20,E,N
2026-08-21,E,DC
2026-08-22,E,DC
2026-08-23,E,DC
2026-08-24,E,DC
2026-08-25,E,D
2026-08-26,E,D
2026-08-27,E,D
2026-08-28,E,D
2026-08-29,E,DC
2026-08-30,E,DC
2026-08-31,E,DC
2026-09-01,A,N
2026-09-02,A,DC
2026-09-03,A,DC
2026-09-04,A,DC
2026-09-05,A,DC
2026-09-06,A,D
2026-09-07,A,D
2026-09-08,A,D
2026-09-09,A,D
2026-09-10,A,DC
2026-09-11,A,DC
2026-09-12,A,DC
2026-09-13,A,DC
2026-09-14,A,N
2026-09-15,A,N
2026-09-16,A,N
2026-09-17,A,N
2026-09-18,A,DC
2026-09-19,A,DC
2026-09-20,A,DC
2026-09-21,A,DC
2026-09-22,A,D
2026-09-23,A,D
2026-09-24,A,D
2026-09-25,A,D
2026-09-26,A,DC
2026-09-27,A,DC
2026-09-28,A,DC
2026-09-29,A,DC
2026-09-30,A,N
2026-09-01,B,AD
2026-09-02,B,AD
2026-09-03,B,AD
2026-09-04,B,AD
2026-09-05,B,DC
2026-09-06,B,DC
2026-09-07,B,AD
2026-09-08,B,AD
2026-09-09,B,AD
2026-09-10,B,AD
2026-09-11,B,AD
2026-09-12,B,DC
2026-09-13,B,DC
2026-09-14,B,D
2026-09-15,B,D
2026-09-16,B,D
2026-09-17,B,D
2026-09-18,B,DC
2026-09-19,B,DC
2026-09-20,B,DC
2026-09-21,B,DC
2026-09-22,B,N
2026-09-23,B,N
2026-09-24,B,N
2026-09-25,B,N
2026-09-26,B,DC
2026-09-27,B,DC
2026-09-28,B,DC
2026-09-29,B,DC
2026-09-30,B,D
2026-09-01,C,DC
2026-09-02,C,D
2026-09-03,C,D
2026-09-04,C,D
2026-09-05,C,D
2026-09-06,C,DC
2026-09-07,C,DC
2026-09-08,C,DC
2026-09-09,C,DC
2026-09-10,C,N
2026-09-11,C,N
2026-09-12,C,N
2026-09-13,C,N
2026-09-14,C,DC
2026-09-15,C,DC
2026-09-16,C,DC
2026-09-17,C,DC
2026-09-18,C,D
2026-09-19,C,D
2026-09-20,C,D
2026-09-21,C,D
2026-09-22,C,DC
2026-09-23,C,DC
2026-09-24,C,DC
2026-09-25,C,DC
2026-09-26,C,N
2026-09-27,C,N
2026-09-28,C,N
2026-09-29,C,N
2026-09-30,C,DC
2026-09-01,D,D
2026-09-02,D,DC
2026-09-03,D,DC
2026-09-04,D,DC
2026-09-05,D,DC
2026-09-06,D,N
2026-09-07,D,N
2026-09-08,D,N
2026-09-09,D,N
2026-09-10,D,DC
2026-09-11,D,DC
2026-09-12,D,DC
2026-09-13,D,DC
2026-09-14,D,DC
2026-09-15,D,AD
2026-09-16,D,AD
2026-09-17,D,AD
2026-09-18,D,AD
2026-09-19,D,DC
2026-09-20,D,DC
2026-09-21,D,AD
2026-09-22,D,AD
2026-09-23,D,AD
2026-09-24,D,AD
2026-09-25,D,AD
2026-09-26,D,DC
2026-09-27,D,DC
2026-09-28,D,AD
2026-09-29,D,AD
2026-09-30,D,AD
2026-09-01,E,DC
2026-09-02,E,N
2026-09-03,E,N
2026-09-04,E,N
2026-09-05,E,N
2026-09-06,E,DC
2026-09-07,E,DC
2026-09-08,E,DC
2026-09-09,E,DC
2026-09-10,E,D
2026-09-11,E,D
2026-09-12,E,D
2026-09-13,E,D
2026-09-14,E,DC
2026-09-15,E,DC
2026-09-16,E,DC
2026-09-17,E,DC
2026-09-18,E,N
2026-09-19,E,N
2026-09-20,E,N
2026-09-21,E,N
2026-09-22,E,DC
2026-09-23,E,DC
2026-09-24,E,DC
2026-09-25,E,DC
2026-09-26,E,D
2026-09-27,E,D
2026-09-28,E,D
2026-09-29,E,D
2026-09-30,E,DC
2026-10-01,A,N
2026-10-02,A,N
2026-10-03,A,N
2026-10-04,A,DC
2026-10-05,A,DC
2026-10-06,A,DC
2026-10-07,A,DC
2026-10-08,A,D
2026-10-09,A,D
2026-10-10,A,D
2026-10-11,A,D
2026-10-12,A,DC
2026-10-13,A,DC
2026-10-14,A,DC
2026-10-15,A,DC
2026-10-16,A,N
2026-10-17,A,N
2026-10-18,A,N
2026-10-19,A,N
2026-10-20,A,DC
2026-10-21,A,DC
2026-10-22,A,DC
2026-10-23,A,DC
2026-10-24,A,D
2026-10-25,A,D
2026-10-26,A,D
2026-10-27,A,D
2026-10-28,A,DC
2026-10-29,A,DC
2026-10-30,A,DC
2026-10-31,A,DC
2026-10-01,B,D
2026-10-02,B,D
2026-10-03,B,D
2026-10-04,B,DC
2026-10-05,B,DC
2026-10-06,B,DC
2026-10-07,B,DC
2026-10-08,B,N
2026-10-09,B,N
2026-10-10,B,N
2026-10-11,B,N
2026-10-12,B,DC
2026-10-13,B,DC
2026-10-14,B,DC
2026-10-15,B,DC
2026-10-16,B,D
2026-10-17,B,D
2026-10-18,B,D
2026-10-19,B,D
2026-10-20,B,DC
2026-10-21,B,DC
2026-10-22,B,DC
2026-10-23,B,DC
2026-10-24,B,N
2026-10-25,B,N
2026-10-26,B,N
2026-10-27,B,N
2026-10-28,B,DC
2026-10-29,B,DC
2026-10-30,B,DC
2026-10-31,B,DC
2026-10-01,C,DC
2026-10-02,C,DC
2026-10-03,C,DC
2026-10-04,C,D
2026-10-05,C,D
2026-10-06,C,D
2026-10-07,C,D
2026-10-08,C,DC
2026-10-09,C,DC
2026-10-10,C,DC
2026-10-11,C,DC
2026-10-12,C,N
2026-10-13,C,N
2026-10-14,C,N
2026-10-15,C,N
2026-10-16,C,DC
2026-10-17,C,DC
2026-10-18,C,DC
2026-10-19,C,DC
2026-10-20,C,D
2026-10-21,C,D
2026-10-22,C,D
2026-10-23,C,D
2026-10-24,C,DC
2026-10-25,C,DC
2026-10-26,C,DC
2026-10-27,C,DC
2026-10-28,C,N
2026-10-29,C,N
2026-10-30,C,N
2026-10-31,C,N
2026-10-01,D,AD
2026-10-02,D,AD
2026-10-03,D,DC
2026-10-04,D,DC
2026-10-05,D,AD
2026-10-06,D,AD
2026-10-07,D,AD
2026-10-08,D,AD
2026-10-09,D,AD
2026-10-10,D,DC
2026-10-11,D,DC
2026-10-12,D,D
2026-10-13,D,D
2026-10-14,D,D
2026-10-15,D,D
2026-10-16,D,DC
2026-10-17,D,DC
2026-10-18,D,DC
2026-10-19,D,DC
2026-10-20,D,N
2026-10-21,D,N
2026-10-22,D,N
2026-10-23,D,N
2026-10-24,D,DC
2026-10-25,D,DC
2026-10-26,D,DC
2026-10-27,D,DC
2026-10-28,D,D
2026-10-29,D,D
2026-10-30,D,D
2026-10-31,D,D
2026-10-01,E,DC
2026-10-02,E,DC
2026-10-03,E,DC
2026-10-04,E,N
2026-10-05,E,N
2026-10-06,E,N
2026-10-07,E,N
2026-10-08,E,DC
2026-10-09,E,DC
2026-10-10,E,DC
2026-10-11,E,DC
2026-10-12,E,DC
2026-10-13,E,AD
2026-10-14,E,AD
2026-10-15,E,AD
2026-10-16,E,AD
2026-10-17,E,DC
2026-10-18,E,DC
2026-10-19,E,AD
2026-10-20,E,AD
2026-10-21,E,AD
2026-10-22,E,AD
2026-10-23,E,AD
2026-10-24,E,DC
2026-10-25,E,DC
2026-10-26,E,AD
2026-10-27,E,AD
2026-10-28,E,AD
2026-10-29,E,AD
2026-10-30,E,AD
2026-10-31,E,DC
2026-11-01,A,N
2026-11-02,A,N
2026-11-03,A,N
2026-11-04,A,N
2026-11-05,A,DC
2026-11-06,A,DC
2026-11-07,A,DC
2026-11-08,A,DC
2026-11-09,A,DC
2026-11-10,A,AD
2026-11-11,A,AD
2026-11-12,A,AD
2026-11-13,A,AD
2026-11-14,A,DC
2026-11-15,A,DC
2026-11-16,A,AD
2026-11-17,A,AD
2026-11-18,A,AD
2026-11-19,A,AD
2026-11-20,A,AD
2026-11-21,A,DC
2026-11-22,A,DC
2026-11-23,A,AD
2026-11-24,A,AD
2026-11-25,A,AD
2026-11-26,A,AD
2026-11-27,A,AD
2026-11-28,A,DC
2026-11-29,A,DC
2026-11-30,A,AD
2026-11-01,B,D
2026-11-02,B,D
2026-11-03,B,D
2026-11-04,B,D
2026-11-05,B,DC
2026-11-06,B,DC
2026-11-07,B,DC
2026-11-08,B,DC
2026-11-09,B,N
2026-11-10,B,N
2026-11-11,B,N
2026-11-12,B,N
2026-11-13,B,DC
2026-11-14,B,DC
2026-11-15,B,DC
2026-11-16,B,DC
2026-11-17,B,D
2026-11-18,B,D
2026-11-19,B,D
2026-11-20,B,D
2026-11-21,B,DC
2026-11-22,B,DC
2026-11-23,B,DC
2026-11-24,B,DC
2026-11-25,B,N
2026-11-26,B,N
2026-11-27,B,N
2026-11-28,B,N
2026-11-29,B,DC
2026-11-30,B,DC
2026-11-01,C,DC
2026-11-02,C,DC
2026-11-03,C,DC
2026-11-04,C,DC
2026-11-05,C,D
2026-11-06,C,D
2026-11-07,C,D
2026-11-08,C,D
2026-11-09,C,DC
2026-11-10,C,DC
2026-11-11,C,DC
2026-11-12,C,DC
2026-11-13,C,N
2026-11-14,C,N
2026-11-15,C,N
2026-11-16,C,N
2026-11-17,C,DC
2026-11-18,C,DC
2026-11-19,C,DC
2026-11-20,C,DC
2026-11-21,C,D
2026-11-22,C,D
2026-11-23,C,D
2026-11-24,C,D
2026-11-25,C,DC
2026-11-26,C,DC
2026-11-27,C,DC
2026-11-28,C,DC
2026-11-29,C,N
2026-11-30,C,N
2026-11-01,D,DC
2026-11-02,D,DC
2026-11-03,D,DC
2026-11-04,D,DC
2026-11-05,D,N
2026-11-06,D,N
2026-11-07,D,N
2026-11-08,D,N
2026-11-09,D,DC
2026-11-10,D,DC
2026-11-11,D,DC
2026-11-12,D,DC
2026-11-13,D,D
2026-11-14,D,D
2026-11-15,D,D
2026-11-16,D,D
2026-11-17,D,DC
2026-11-18,D,DC
2026-11-19,D,DC
2026-11-20,D,DC
2026-11-21,D,N
2026-11-22,D,N
2026-11-23,D,N
2026-11-24,D,N
2026-11-25,D,DC
2026-11-26,D,DC
2026-11-27,D,DC
2026-11-28,D,DC
2026-11-29,D,D
2026-11-30,D,D
2026-11-01,E,DC
2026-11-02,E,AD
2026-11-03,E,AD
2026-11-04,E,AD
2026-11-05,E,AD
2026-11-06,E,AD
2026-11-07,E,DC
2026-11-08,E,DC
2026-11-09,E,D
2026-11-10,E,D
2026-11-11,E,D
2026-11-12,E,D
2026-11-13,E,DC
2026-11-14,E,DC
2026-11-15,E,DC
2026-11-16,E,DC
2026-11-17,E,N
2026-11-18,E,N
2026-11-19,E,N
2026-11-20,E,N
2026-11-21,E,DC
2026-11-22,E,DC
2026-11-23,E,DC
2026-11-24,E,DC
2026-11-25,E,D
2026-11-26,E,D
2026-11-27,E,D
2026-11-28,E,D
2026-11-29,E,DC
2026-11-30,E,DC
2026-12-01,A,AD
2026-12-02,A,AD
2026-12-03,A,AD
2026-12-04,A,AD
2026-12-05,A,DC
2026-12-06,A,DC
2026-12-07,A,D
2026-12-08,A,D
2026-12-09,A,D
2026-12-10,A,D
2026-12-11,A,DC
2026-12-12,A,DC
2026-12-13,A,DC
2026-12-14,A,DC
2026-12-15,A,N
2026-12-16,A,N
2026-12-17,A,N
2026-12-18,A,N
2026-12-19,A,DC
2026-12-20,A,DC
2026-12-21,A,DC
2026-12-22,A,DC
2026-12-23,A,D
2026-12-24,A,D
2026-12-25,A,D
2026-12-26,A,D
2026-12-27,A,DC
2026-12-28,A,DC
2026-12-29,A,DC
2026-12-30,A,DC
2026-12-31,A,N
2026-12-01,B,DC
2026-12-02,B,DC
2026-12-03,B,D
2026-12-04,B,D
2026-12-05,B,D
2026-12-06,B,D
2026-12-07,B,DC
2026-12-08,B,DC
2026-12-09,B,DC
2026-12-10,B,DC
2026-12-11,B,N
2026-12-12,B,N
2026-12-13,B,N
2026-12-14,B,N
2026-12-15,B,DC
2026-12-16,B,DC
2026-12-17,B,DC
2026-12-18,B,DC
2026-12-19,B,?
2026-12-20,B,?
2026-12-21,B,?
2026-12-22,B,?
2026-12-23,B,?
2026-12-24,B,?
2026-12-25,B,?
2026-12-26,B,?
2026-12-27,B,?
2026-12-28,B,?
2026-12-29,B,?
2026-12-30,B,?
2026-12-31,B,DC
2026-12-01,C,N
2026-12-02,C,N
2026-12-03,C,DC
2026-12-04,C,DC
2026-12-05,C,DC
2026-12-06,C,DC
2026-12-07,C,DC
2026-12-08,C,AD
2026-12-09,C,AD
2026-12-10,C,AD
2026-12-11,C,AD
2026-12-12,C,DC
2026-12-13,C,DC
2026-12-14,C,AD
2026-12-15,C,AD
2026-12-16,C,DC
2026-12-17,C,DC
2026-12-18,C,DC
2026-12-19,C,D
2026-12-20,C,D
2026-12-21,C,D
2026-12-22,C,D
2026-12-23,C,DC
2026-12-24,C,DC
2026-12-25,C,DC
2026-12-26,C,DC
2026-12-27,C,N
2026-12-28,C,N
2026-12-29,C,N
2026-12-30,C,N
2026-12-31,C,DC
2026-12-01,D,D
2026-12-02,D,D
2026-12-03,D,DC
2026-12-04,D,DC
2026-12-05,D,DC
2026-12-06,D,DC
2026-12-07,D,N
2026-12-08,D,N
2026-12-09,D,N
2026-12-10,D,N
2026-12-11,D,DC
2026-12-12,D,DC
2026-12-13,D,DC
2026-12-14,D,DC
2026-12-15,D,D
2026-12-16,D,D
2026-12-17,D,D
2026-12-18,D,D
2026-12-19,D,DC
2026-12-20,D,DC
2026-12-21,D,DC
2026-12-22,D,DC
2026-12-23,D,N
2026-12-24,D,N
2026-12-25,D,N
2026-12-26,D,N
2026-12-27,D,DC
2026-12-28,D,DC
2026-12-29,D,DC
2026-12-30,D,DC
2026-12-31,D,D
2026-12-01,E,DC
2026-12-02,E,DC
2026-12-03,E,N
2026-12-04,E,N
2026-12-05,E,N
2026-12-06,E,N
2026-12-07,E,DC
2026-12-08,E,DC
2026-12-09,E,DC
2026-12-10,E,DC
2026-12-11,E,D
2026-12-12,E,D
2026-12-13,E,D
2026-12-14,E,D
2026-12-15,E,DC
2026-12-16,E,DC
2026-12-17,E,DC
2026-12-18,E,DC
2026-12-19,E,N
2026-12-20,E,N
2026-12-21,E,N
2026-12-22,E,N
2026-12-23,E,DC
2026-12-24,E,DC
2026-12-25,E,DC
2026-12-26,E,DC
2026-12-27,E,D
2026-12-28,E,D
2026-12-29,E,D
2026-12-30,E,D
2026-12-31,E,DC
